The Pint,https://thepintto.com/
Dremel DigiLab,https://www.dremel.com/us/en/digilab/
Leap Motion,https://www.leapmotion.com/
Particle,https://www.particle.io/
FDM Group,https://www.fdmgroup.com/en-ca/ca-home/
Qualcomm,https://www.qualcomm.com/
Aoyue Soldering Stations,https://www.aoyue.eu/en/soldering-stations/
estimote,https://estimote.com/
iRobot,https://www.irobot.com/
RobotShop.com,https://www.robotshop.com/en/
Google,https://www.google.com/
Solidworks,https://www.solidworks.com/
MDA Corporation,http://sm.mdacorporation.com/
eckertech,http://www.eckertech.com/
Atmel,http://www.atmel.com/
Dutchman Industries,https://www.dutchmantreespade.com/
Novatel,http://www.novatel.com/
Timbren,http://www.timbren.com/
STMicroelectronics,https://www.st.com/content/st_com/en.html
Connect Tech,http://connecttech.com/
Crosslink Technology,http://www.crosslinktech.com/
3M Canada,http://www.3mcanada.ca/